host_id,host_name
2787,John
2845,Jennifer
4632,Elisabeth
4869,LisaRoxanne
7192,Laura
7322,Chris
7356,Garon
8967,Shunichi
7490,MaryEllen
7549,Ben
7702,Lena
7989,Kate
9744,Laurie
11528,Claudio
11975,Alina
15991,Allen & Irina
17571,Jane
18946,Doti
20950,Adam And Charity
17985,Sing
21207,Chaya
22486,Lisel
25183,Lisel
25326,Lisel
26394,Nathalie
30193,Gregory
31374,Claude & Sophie
21904,Tommi
32294,Shon
32045,Dana
32169,Ssameer Or Trip
35935,Teri
7355,Andrea
44145,Ssameer Or Trip
45445,Angela
46978,Laurie
47610,Vt
47618,Tyrome
16800,Harriet
47727,Ben
49670,Edward
50124,Abdul
50148,Yolande
50846,Cyn
52335,Earl
54275,Rana
56094,Orestes
56104,Adreinne
56246,Jennifer
56284,Alexander
56512,JT And Tiziana
59023,Joya
59734,James
60049,Jeanne
60252,Francesca
60278,Joanna
61491,Bianca
63588,Luiz
63613,Andrea
63924,Ted
64056,Cristina
64442,Petra
64522,D
4396,Dimitri
65837,Patricia
66035,Mark
66243,Sara
68428,Reka
68599,Daniel
69829,Casey
69942,Robin
70091,Anna
71512,Enzo
71876,Tye And Etienne
72014,George
73051,Josh
73128,Victoria
73469,Justin
44263,Blaise
74303,DAVID And RICK
74857,Lulú
62407,Sybilla
76627,JoLynn
961342,Gaia
78460,Ana
51038,Maggie
79070,Starlee
79402,Edward
42032,Pas
82685,Lulú
83257,Augustin
87773,Sean & Lynette
11481,Erica
63318,Tracy
93790,Christiana
97219,Tyrome
97797,Dana
105538,Elliott
107628,Olan
109589,Shelly
112793,Ssameer Or Trip
42273,Annette
72062,Meka
115157,Ann
115307,Seth
115560,Brenda
118971,Shelly
119510,Erik
119588,Dena
119900,Jessica
120223,Luiz
65091,Erica
6197784,Sally
124352,Dani
124797,Bruce
126607,Nimo
127608,Alexandra
125857,Stacy
129352,Bruce
120335,Evelyn
117287,Emma
135619,Vero
137292,Sylvie
137814,Jen
137974,Kay
116599,Jo
138579,Lisa
139612,Fernando And Lenin
139874,Angela
140025,Laurine
142833,Chris
143027,Uli
143048,Sol
149929,Cs
120291,Lara
62165,Tom
142684,Sunder
137432,Waldemar
157798,Khem
158284,Sahr
159370,Ali+Scott
92788,Elisabeth
165789,Sarah
168417,Fredah
168525,Khem
110506,Katherine
170510,Ming
171851,Paula
174025,Lulú
180083,Obed
181167,Karen
185978,Michael
177536,White
190409,Paz
193360,Irene
193722,Karene
181376,Viviana
193637,Sara
201297,Sarah
202249,Marie
67778,Gus
204539,Myung
867225,Renée
204724,Henry
8198,Sylvia
209460,Syl
210746,Lorenzo
212722,Waldemar
214148,Annette
214287,Newyorkroomwithaview
218404,Tessa
221873,Waundell
236421,Young
236655,Bruce
237329,Coral
27848,Carol
240360,Sara
247432,Laurine
10889,Myrna
255583,Campbell
253385,Doug
256161,Mark
258164,Rahul
260709,Miyoung
262138,Monica
88209,Marylyn
263414,Kathleen R.
264928,Teresa
267593,Robert
268014,Alex
272006,Claudia
199392,Shane
239208,Laurie
274557,Jessica
275459,Erina
275578,Lee
276291,Jullett
277379,Marlaine
277394,Charlotte
279797,Mark
282927,Mark
274782,Mark
186084,Bob
288031,Anka
289653,Douglas
99212,Kathleen R.
292204,Wayne
249372,Waundell
292630,Jenny
293394,Paul
295760,Tami
291112,Jason
297176,Pete
297769,Gus
23619,Sally
281764,Leonardo
303882,Alex
197755,Wayne
303939,Vasili
306545,S.M.
306605,Ori
306739,Ana
308875,I
307962,R
308652,Simon
310458,Agnes
295128,Linda
310670,Dave
311286,Drica
312288,Mark
312722,Betty
146944,Ricardo & Ashlie
313317,Leslie
314256,Harrison
314582,Jessica
7310,Blanca
317809,Wayne
319092,Cynthia
320422,Mich
320450,Rachel
320761,Laurine
320538,Greta
321756,Frank
321934,Bethania
322884,Tunji
322716,Anna/Fonzy
324460,Colette&Sean
314941,Brie
325389,Sheila
136227,Lissette
327673,Lissette
329436,Lissette
101597,Olivia
330347,Daniel
332189,Maya
323517,Scott
338454,Lissette
240427,Dennis & Naoko
342054,Antonín
282655,Emily
343250,Carol Gloria